{"cameraMode":{"drawMode":0,"name":"Shaded","section":"Shading Mode"},"sceneLighting":false,"audioPlay":false,"sceneViewState":{"showFog":true,"showMaterialUpdate":false,"showSkybox":false,"showFlares":true,"showImageEffects":true,"showParticleSystems":true},"in2DMode":false,"pivot":{"x":7.666808128356934,"y":1.2030839920043946,"z":-0.03073906898498535},"rotation":{"x":-0.07379430532455445,"y":0.19736488163471223,"z":-0.014723203144967556,"w":-0.9775956869125366},"size":2.502460241317749,"orthographic":false}