{"cameraMode":{"drawMode":0,"name":"Shaded","section":"Shading Mode"},"sceneLighting":true,"audioPlay":false,"sceneViewState":{"showFog":true,"showMaterialUpdate":false,"showSkybox":true,"showFlares":true,"showImageEffects":true,"showParticleSystems":true},"in2DMode":false,"pivot":{"x":0.1938810497522354,"y":0.6569430828094482,"z":-1.2491025924682618},"rotation":{"x":0.263793021440506,"y":0.18243086338043214,"z":-0.05065729841589928,"w":0.9463444352149963},"size":1.3098723888397217,"orthographic":false}